{
  "UrlPath": "aaaa",
  "UploadPath": {
    "ImportIssue": "\\Files\\Issue\\Import",
    "ImportAction": "\\Files\\Action\\Import",
    "ImportSchedule": "\\Files\\Schedule\\Import",
    "ImportFileLogIssue": "\\Files\\Issue\\Log",
    "ImportFileLogAction": "\\Files\\Action\\Log",
    "ImportFileInspection": "\\Files\\Inspection",
    "TemplateIssue": "\\Files\\Issue\\Template",
    "TemplateAction": "\\Files\\Action\\Template",
    "TemplateSchedule": "\\Files\\Schedule\\Template",
    "DownloadIssue": "\\Files\\Issue\\Download",
    "DownloadErrorIssue": "\\Files\\Issue\\DownloadError",
    "DownloadErrorAction": "\\Files\\Action\\DownloadError",
    "DownloadErrorSchedule": "\\Files\\Schedule\\DownloadError"
  }
}
