{
  "project_info": {
    "project_number": "574193796340",
    "project_id": "digitalaudit",
    "storage_bucket": "digitalaudit.appspot.com"
  },
  "client": [
    {
      "client_info": {
        "mobilesdk_app_id": "1:574193796340:android:be9644e493a9308eb90aa1",
        "android_client_info": {
          "package_name": "com.pertamina.digitalaudit"
        }
      },
      "oauth_client": [
        {
          "client_id": "574193796340-f0knahtot0t2p66alvdgjnm3ob332jph.apps.googleusercontent.com",
          "client_type": 1,
          "android_info": {
            "package_name": "com.pertamina.digitalaudit",
            "certificate_hash": "d21a2b4fd81ca8d5ede969c763ed8b46d5e4181f"
          }
        },
        {
          "client_id": "574193796340-2vuqvs4qgmvi91vlmu5nuvv0o6lcnv4v.apps.googleusercontent.com",
          "client_type": 3
        }
      ],
      "api_key": [
        {
          "current_key": "AIzaSyApKlnjhwPp6rHjqMIAEzBrkptPSrT2t5Q"
        }
      ],
      "services": {
        "appinvite_service": {
          "other_platform_oauth_client": [
            {
              "client_id": "574193796340-2vuqvs4qgmvi91vlmu5nuvv0o6lcnv4v.apps.googleusercontent.com",
              "client_type": 3
            }
          ]
        }
      }
    }
  ],
  "configuration_version": "1"
}